{
  "mat": [
    [
      [
        0.4,
        0.0
      ],
      [
        1.0,
        0.0
      ],
      [
        0.4,
        0.0
      ],
      [
        -0.19999999999999996,
        0.0
      ]
    ],
    2,
    2
  ],
  "escape_radius": 14.260769766065632,
  "upper_left": [
    -5.25,
    2.5
  ],
  "lower_right": [
    1.25,
    -2.5
  ]
}
