{
  "mat": [
    [
      [
        0.275,
        0.0
      ],
      [
        1.0,
        0.0
      ],
      [
        0.275,
        0.0
      ],
      [
        -0.44999999999999996,
        0.0
      ]
    ],
    2,
    2
  ],
  "escape_radius": 21.77028865050123,
  "upper_left": [
    -7.0,
    3.5
  ],
  "lower_right": [
    2.0,
    -3.5
  ]
}
