{
  "mat": [
    [
      [
        1.0,
        0.0
      ],
      [
        -1.0,
        0.0
      ],
      [
        1.0,
        0.0
      ],
      [
        0.0,
        0.0
      ],
      [
        1.0,
        0.0
      ],
      [
        1.0,
        0.0
      ],
      [
        0.0,
        0.0
      ],
      [
        0.0,
        0.0
      ],
      [
        -1.0,
        0.0
      ]
    ],
    3,
    3
  ],
  "escape_radius": 28.720379332354774,
  "upper_left": [
    -1.03,
    0.02625
  ],
  "lower_right": [
    -0.9775,
    -0.02625
  ]
}
